{
  "project_info": {
    "project_number": "46727939400",
    "project_id": "bus-tracking-app-c7ff0",
    "storage_bucket": "bus-tracking-app-c7ff0.appspot.com"
  },
  "client": [
    {
      "client_info": {
        "mobilesdk_app_id": "1:46727939400:android:823ad1686e305ca2ab1f7d",
        "android_client_info": {
          "package_name": "com.motivitylabs.bustrackingapp"
        }
      },
      "oauth_client": [
        {
          "client_id": "46727939400-qedhgd3quu5iun15ba4htq5avoepmanc.apps.googleusercontent.com",
          "client_type": 1,
          "android_info": {
            "package_name": "com.motivitylabs.bustrackingapp",
            "certificate_hash": "577f867ea2906a3cfb7979c0d8a462ccb6b446fc"
          }
        },
        {
          "client_id": "46727939400-i4nps13h7rbe2oslhcrqilslj9e6j00p.apps.googleusercontent.com",
          "client_type": 3
        }
      ],
      "api_key": [
        {
          "current_key": "AIzaSyBOrG6oCnIovgEueTOQ3ZpjmLOzckkSJeQ"
        }
      ],
      "services": {
        "appinvite_service": {
          "other_platform_oauth_client": [
            {
              "client_id": "46727939400-i4nps13h7rbe2oslhcrqilslj9e6j00p.apps.googleusercontent.com",
              "client_type": 3
            }
          ]
        }
      }
    }
  ],
  "configuration_version": "1"
}